"Y","X.1","X.2"
0,-0.492845086167518,-0.801812727476256
0,0.793958556155394,-0.148660018437797
0,-0.802511232775238,-0.28662881404247
1,-0.11869990851681,0.385778684925698
1,0.16067883806672,-0.242765806066176
1,0.0282398668001544,0.18836963536862
1,-0.583285054318098,0.654204793965795
0,0.623309722595337,0.429407685906122
0,0.263568458143445,-1.70495485741995
1,-0.6228191675711,0.232518627406783
1,-0.259880782691135,-0.0108787392385449
1,-0.853076105682622,-1.27112352270131
0,0.306021902654098,0.892211700514944
1,0.391807998605298,0.949744301304326
1,-0.277036211775768,0.36719410517358
1,-0.168265679959149,-0.405522177230163
0,0.117132168921912,-0.377590645527443
1,-0.276357043143392,0.752645964266851
0,-0.0605454226744179,-1.25472105759332
1,0.0347645267652719,1.08602777711207
1,-1.84527283672612,1.1850692165468
0,-0.480017264412522,0.714997601051878
0,0.1490299333404,-0.712668284966808
1,0.459348775534622,2.24856071952204
1,0.618620508175017,0.742093117283853
1,0.431371446961858,-0.535482973267635
1,-1.23849253640002,0.961980599965943
1,0.9071110726752,1.09991595015312
0,-0.528296626424994,0.193798577892221
1,0.0878834396065238,1.06679278961002
1,-0.0833742390785504,0.213023677774356
0,0.206825156539667,0.43295266344247
0,1.6515514997787,-0.0607347470379126
0,-0.123246741383323,-0.150341518910846
1,-0.264976014124842,-0.312375597054321
1,-1.73953736319325,1.52919605205421
0,-0.810130563902059,0.988563332406408
1,0.112973579970289,-0.806613025295428
1,-0.260694967411159,-0.537698303557526
1,0.0772462844422758,2.77893111044465
1,-0.318421358722861,0.953059147855041
1,-1.06020027562401,-1.37927132953393
1,-0.370938881781437,-0.0524728140790344
0,0.175424654950559,0.564572913097052
1,-1.56209428606099,2.79492990161933
0,-0.334269509694806,-0.352915965340117
1,0.443260237405947,1.39808417827211
0,0.464725749644818,-0.255265344506034
1,0.838876497872431,1.13600107079674
0,1.06044467017178,-0.166195608173376
1,0.997864673832708,-0.635140058564813
0,0.480776331539106,-0.614889610716735
0,-0.474548215780755,2.22416798336997
1,0.0388233598289706,-0.525598748285714
1,0.525076789473999,-0.378683775903744
0,0.857176093970998,-1.47783671227005
1,-0.213112835575546,0.199666890725111
1,1.13130287324302,-0.389325781080921
1,0.690271323711064,-1.30766633331348
0,-0.381908778108665,0.490371013286017
1,0.156167409143129,0.360914403385951
0,0.180087861569973,0.336792316055578
0,-0.143689813335952,-0.418743817431001
0,1.20825312120218,-0.0185345436417163
1,1.00821252461255,-0.719835276887499
1,1.62259995344324,1.12521306337251
0,0.265281685121207,-1.5243274327125
0,-0.498523533256091,0.0624245135343914
0,0.211794984050356,-1.22565748584639
1,-0.10664146242601,-0.393920134195413
1,-0.666479342081693,2.56227413229161
0,2.16138547837456,0.228223487414301
1,0.269455031772107,-0.638745641101879
1,0.482393367653348,-1.94603507136176
0,-0.999317979107899,1.58106772345135
1,0.265072251262508,-1.75457503115545
0,-0.922852983492563,1.09357977741502
1,1.20033366647756,-2.31103006739511
0,-0.40282075722139,-0.57513103305338
1,0.0113037972209847,0.294202892760488
1,-0.773943671112572,0.201078871331736
0,-0.25790174786074,-1.94482144171023
1,-0.452161564867018,1.51545651309376
1,-0.845912249124099,-1.42414805113569
0,0.444793508715197,0.963393875940173
1,-1.27304103106765,2.04076593791849
0,0.143077363707796,0.292204014438193
0,0.130054378538829,2.01553602763567
1,0.801962301192862,1.79483113629441
1,-0.00779370533750383,-0.627926662868972
1,0.356855020461158,0.715732340358762
0,-0.0478091444856259,-0.544128753371452
1,0.00229341320013576,0.0599426799230973
0,0.861781998875265,-1.93023683793921
0,-0.149701515411246,-0.650044494826103
1,-0.281936077532179,0.373071886781503
1,-0.480096234970408,0.385415036358905
1,-0.509873452852935,0.65824292789731
1,-0.859700289596127,0.29747423050564
0,0.892559082423213,-0.922224187920979
1,0.26384660417169,-1.45445737894431
0,-0.174464863021428,-0.233111738246263
1,0.461386644361055,0.11653687412745
0,-0.742494731915634,-1.08181600432325
0,0.471336208264887,0.411519172423351
1,-0.3113000233625,0.107435867471296
0,0.533453208472148,-0.879088235225992
1,-0.165391261757174,-0.192111974105467
1,0.356508071097933,-1.45301760660874
1,0.519260531358169,0.148934773648006
0,1.42776716983612,0.642404524779184
1,-0.464209527272183,0.843127292058577
1,-0.0270113489589542,0.45419043684677
0,0.0377880862943256,0.418623024693712
1,0.69840534031383,1.2804816941976
1,0.392012644502326,-0.449777739824168
0,-0.268470639378822,-0.25891354028488
1,0.897061830431502,-0.478718670830304
0,0.221092563792316,0.648683965570502
1,0.394495923812813,-0.0734570121474432
1,-1.22119231726346,-0.174791683890284
0,-0.0583599296784952,2.07745239530172
1,-0.102570969176229,0.850453908203284
0,-0.168304187593495,-1.11549051058201
0,0.105053257717517,0.5357365510202
0,0.0530828951831915,1.18168654596818
1,0.374908627081434,-0.54653316461192
0,-0.0433247758481295,-1.27703154309276
0,-0.598597193953285,0.442933849135019
0,-0.0602824452342294,-0.936098579970773
0,0.224459153597284,-1.61755976687389
0,-0.360587577696028,0.706579592241042
0,-0.303547610271293,-1.38398922912741
1,0.468452088206021,-0.445560094992629
0,0.46629332711509,-0.630434930086258
0,-0.185452525540001,-0.416687610639482
0,-0.196140030455951,0.962305410733212
1,-0.0600153041340261,-0.0863426364827194
0,0.298413050937576,1.45673384404655
0,0.249010664573406,-0.515822745137141
1,0.0889467244150005,0.90422372482598
0,0.0465396973247347,2.3021341212466
1,-0.0333531227492243,-0.421926336060616
1,-0.260853950707698,0.212686415760915
1,1.55709775778324,-1.95790173868524
1,-0.153359938724307,1.43176469972769
0,-1.03729587070049,-0.143998784603075
1,0.0409102804804926,1.45505265344395
0,-1.26366949425626,0.642811712634916
0,0.154973890511485,-1.14778332305121
1,0.280355523100074,1.03760048216982
0,1.25180926036011,-0.94436224726664
0,-0.0508420492365404,0.43331246669356
1,-0.882864522334342,-0.289393558983396
0,1.10511427900113,-0.21123227795229
0,1.92520474147102,-1.4072554805026
0,-1.04971499524786,-0.96747536796581
1,-0.0375456292321168,1.80259779186255
0,0.469206224930591,-0.119558520935952
1,-0.229159330383054,-0.815975541184355
1,-0.562809547078928,-0.0513821775315515
1,-1.59603623253641,0.354083822736407
1,0.658858471958752,-0.757303164302212
0,-0.55646707921587,-0.926373193059695
1,0.399455074391839,0.284212387165043
1,0.407362721987851,1.93340953303229
1,-1.20325752243572,0.693813538742216
0,0.00401744001924649,-1.21048058056942
0,0.207449007611607,0.365234868309653
0,-0.466637936281926,-0.0205360270265992
1,0.354390298326603,1.35076108594608
0,-0.533036471704649,-0.667743655036244
0,0.0165499285525496,-1.85790317661463
1,-0.131681804706392,-0.746844972020543
0,0.129406549230337,0.189644505612523
0,-0.0629118044759272,0.13784897093425
1,-0.151608065136998,0.886571178180979
0,0.212892345696529,-0.745962513047918
0,0.026331050738071,0.774518951484825
1,0.873589822636485,0.336965080957078
1,-0.498570023345242,0.0485916815044888
0,0.337701504391087,-1.22781328868509
1,0.149872844195749,-0.754100379738954
0,-0.713777238710925,-0.781094715748613
0,-0.156811094044077,0.311484043953726
1,-0.155010993887033,1.16596074589902
0,-1.01596971425743,1.02518624058718
0,0.122068325239477,0.457655274338425
1,-0.319920896044846,0.862315455961467
1,0.160983366123262,-0.341409307596414
1,0.00810181775303952,-1.07093646601278
0,0.170849019782533,-0.820240404311103
1,-0.936941480648818,0.449947974084534
1,0.379941760624367,2.0669537351531
0,0.461106354995236,-0.460053332652565
1,0.58064635186103,-0.945845304384083
1,-1.06036476068126,0.999388766451622
0,0.0541379147522141,-1.16084826333165
1,-0.295564168289399,0.732894904486251
0,0.193769748696765,1.35512344567763
0,0.630079488967494,0.464151712231902
1,0.749323323160465,-1.12971100392367
0,0.793855908956251,-0.0267544606460774
0,-0.15913623114658,-0.0343210589575784
1,-0.800825015392889,0.612724053617859
0,-0.377762975896771,-0.695346144038341
1,0.338464155040362,0.199849805982118
1,-0.233222491576178,1.01616870900621
1,1.73111087430316,-1.30161939924276
0,-0.983026640876038,-0.635296013231716
1,-0.420088021574665,2.35005973506757
1,0.100918595473118,1.16617013396143
0,-0.632302612768767,1.00777537151711
0,-0.165114858699193,-0.0438191381763668
1,0.629336212322014,-0.508032619015277
0,-1.93346038058083,-2.02816722402873
1,0.499584227833623,-0.442735630776007
1,0.165686678325069,-0.575732053577329
0,0.145322981827368,0.1078307660985
1,0.000181081046715991,0.12501760488008
1,1.03582414835382,0.654829488856952
0,0.0881928976974922,-0.283594010583042
0,1.41540720909623,0.231454330248924
1,-1.19859695946817,-1.24812203926133
0,-1.44050845424948,-1.00064413690652
0,0.14665014357021,0.0671896321938354
1,0.191529669175247,-2.05924975487051
1,-0.548000737740627,0.483438630086863
1,0.748523685894116,-0.692984557874331
0,-0.441399173308836,-0.0968140174605683
0,-0.566559555851584,-0.535333757217772
1,0.679277274223203,2.4508466824478
1,0.33705486186194,0.43272054444075
1,-0.307358945398925,-0.359005518882431
1,0.694718908414929,1.14450612833758
0,-0.167716596349714,-1.12116358387668
1,0.287982775871178,-1.32909531150867
1,0.584009932707974,0.00623623151460743
0,1.7655021506413,1.29960030186329
1,-0.701050702534788,-1.05495848908727
1,-0.00224636834078337,0.540458111616592
1,-0.062785500929995,1.23542250481332
1,-0.116955352169496,1.53715926959294
0,-0.0962537510079953,1.21464271307994
1,-0.0515517938915006,0.104772428720991
0,0.472062846628276,-1.7200773365727
1,-0.113045563035271,1.96773763423571
0,-1.02892882815011,-1.28955395486516
1,0.808131661864508,0.701969773437397
0,-0.293520703939991,-0.896274825614617
1,-0.0351341110492166,0.0151935951659417
0,-0.129239689343082,-0.0634196727552598
0,1.0555857023233,0.51505116742887
1,0.0964788009467937,-0.49299472602821
0,-0.0100586008328478,0.455374684297023
0,-0.490432774637191,-0.517974766542022
1,-0.298587444064062,1.16624181589187
0,-0.699668037509885,-0.185981400209753
1,-0.246519777421235,0.88461552661855
1,0.950032488750375,-2.33927945177006
1,0.186381566667027,-0.0259253986168871
0,-0.94137041646027,-0.530037763539728
1,0.226988414086785,0.0673060819450403
1,-0.661973912992336,0.81222014079781
0,0.892359733754074,-0.7889956916881
0,-0.823685201588366,-1.49395473814876
1,-0.109280575772122,0.647841770528119
0,-0.158399276476389,-0.458297239079108
1,-0.736957034882944,1.17327188728824
0,-0.724490505872568,1.40135947131825
0,-1.23299085343655,-1.74217269628616
0,-1.06207585415147,-0.216294889259329
0,0.830053302637797,-1.31002168554929
0,1.21356702366872,-0.605943543434973
1,-0.484049193212162,-0.0560443569658582
1,-0.0165281344798346,1.28214268805165
1,0.114249960053447,0.587486531412511
0,0.401822970987658,-1.43985426150938
0,0.118709661188859,-0.984282233603772
0,0.559374263385147,-0.550105485945798
0,0.0503977375128118,0.403505443970274
1,1.39376531253512,0.0143359429699083
0,0.0330658377555412,0.834711574278161
1,-0.303145624180895,1.76379288180827
0,-0.280862541654886,1.25123046399759
1,0.699215574470594,0.625704670286695
0,-1.24869461181578,-0.97548881994334
1,0.0396014845756125,-0.362540366805863
1,-0.458802995076495,-0.999364202763411
0,-0.896606760740751,-1.85114305832561
0,1.14948782417866,0.0728579644829196
1,0.917973050896243,1.41988472654707
0,0.156220885062831,-1.10218840385187
1,-0.0199183109264567,1.51018448488
0,-0.0925041715984079,0.18256824824022
0,-0.0904878745645187,1.33637726497324
0,-0.460397060150538,-0.970601396318531
0,-0.484954179154408,-2.71465430666806
0,-0.774084294303177,0.0815438566793624
1,0.585676106399501,0.803522348757371
1,-0.494681097147194,-0.177006181676964
0,-0.216844940404978,1.24343041336979
0,-0.55846569108414,-1.09203052227737
1,1.19015281413698,-1.03702698577953
1,0.155747881028462,0.415613524604257
1,0.923249351900938,-0.176912173258849
0,1.06596810502699,-0.604556464393243
0,-1.17389620541799,0.0474672919079146
0,0.652554040144093,0.715770574501889
1,-0.997181183046613,1.2777840547742
0,0.489454784603969,-0.492304550126591
0,0.829326857118391,-0.643442329190711
0,0.173524143021481,-0.560033179970433
0,0.604507272994442,2.70873082990497
0,0.455487329835041,1.65954474268309
0,0.187530698096299,0.977827108910874
0,0.350437896155144,-0.264869916972239
0,-0.579386116401052,1.62826127753832
1,-0.197201278893197,1.06800747341894
0,-0.407019772674976,0.873018590349223
1,0.549856620883574,0.583794884251282
1,0.604621629045463,-0.535646215736322
1,-0.522191688439227,-0.463583025770122
0,-0.669043057429593,0.532186061310644
0,-0.385199715864984,-1.25036050226282
0,-0.966358824246507,-0.478464969248526
0,1.01505948449666,-0.209481267634908
1,0.841790971616858,-0.323829044423819
0,-0.602930993348003,-1.38653370284429
1,-0.286740783626586,-0.756247457848425
1,-0.518011672008391,-0.906261413273949
1,-0.352976044923999,-0.439771911447098
1,0.631967816119356,0.701338469834734
1,0.569618807809183,-1.03100368826748
0,-0.224041101239237,0.44914383398113
1,-0.623620874965163,-0.111201833897449
0,1.30386785624933,-0.900564408486606
0,0.669331416198127,0.0319029550026058
1,0.362816365001908,0.959291549938157
1,-0.414299913653507,-0.115994652210081
0,-0.324744088085598,-0.815229981358634
0,-0.285455450868546,0.54825692086526
0,-0.18600824360041,0.859175170786442
0,0.206832065549561,0.823838632346743
0,-0.616843969536556,-0.601271277372548
0,0.0892575183718321,0.756642005866674
1,-0.989184850614623,0.868494571556156
1,0.0814354253302184,0.433711974935482
0,0.829370370482165,0.217246112614272
0,-0.376496402036385,0.652827309738397
0,-0.743945102392386,-0.376931548060785
0,-0.212340910787186,-1.05799099759592
1,0.173841147168611,0.52828153105987
0,0.913714564778197,1.8382715545732
1,0.602666451786732,-0.344455546593993
0,-0.421907861304271,0.252539411231514
0,0.230747117195391,-0.43337912881539
1,0.634021351564699,-0.420772407244871
0,0.165743464263381,-2.56512189211386
1,0.00631372930184818,0.66696246409078
1,0.0975595872628548,0.69871857543077
1,-0.523577428981712,0.112461323664967
0,-1.67431702569788,1.78632544611195
0,-0.723204544296924,-1.07702743407117
1,-0.664284009390002,0.491075563011572
1,0.121069603549979,-1.21276091848973
0,0.709340856733848,-1.760016540913
0,0.639021674633134,-0.633758617587002
1,-0.324744432098277,-0.663941435502917
0,0.556199907942912,1.18053158771539
1,-0.615146150441279,1.68564905317638
1,-1.04336898101527,-2.3570360806158
1,0.129279386177377,0.307489239671
1,0.194277090794127,-0.817605397902615
1,0.287674402220002,1.09885444261901
0,0.40593421948144,-0.806765372532035
1,-0.046703497120937,0.849948902165334
1,0.790711728099198,-0.528115876355593
1,-0.0022697476256402,0.0474534119431285
1,0.0707117507380664,0.16437342561021
1,-0.540871512661344,2.29201037526228
0,-0.262395178033751,-1.8514969567204
0,-0.143739116719614,-0.79237197418286
1,0.586032415629638,1.00556301305815
0,0.220211743232514,0.536728674598697
1,0.210177190924571,0.20751549139698
0,-0.560499202041079,-1.00625564706607
1,1.23645170018014,0.0191306896917288
1,-1.02388103223005,0.649625069014453
0,0.681127538904571,-1.00127051340933
1,0.0370160680580667,-1.02136543991548
0,-1.73135691069405,-0.277342068182356
1,-0.787507976052885,-1.12014186826439
1,1.14788895588273,1.41231355216998
0,-0.339293525364897,-1.48288223380575
1,0.336468278295131,-1.71815749636273
0,0.112965581031172,-2.54086541541706
0,-0.215297659198818,-0.232681456709523
0,-0.584787965357258,0.0809223021796608
0,0.361711629747935,-1.18896014792307
1,-0.101523135553655,0.52412498028313
1,-1.44893727289594,-1.91323669859112
0,0.142823898871799,0.238192188944649
1,0.626777294152669,0.0727175853127873
1,-1.08813867167588,0.102966624345068
1,-0.169129221358702,-2.29674029271726
0,0.325561108536297,-0.498759336275067
0,-0.988008270353097,-0.125942020538111
0,-0.113645650733432,1.37840660309422
0,-2.05309144230893,0.677351580485941
1,0.0906953107021631,-0.0719197132339044
0,-0.101485141440045,-0.502308112737643
1,0.01295571473409,-0.0754183425016987
1,0.112392760886054,-0.841903471323931
1,-0.0944307871524067,-0.129311621488735
0,-0.17385891097728,-0.355193115215492
0,0.370229544315355,1.28528663919144
1,0.134230223994859,3.00406178146363
1,-0.543541397212608,-0.220026679049047
1,-0.531303897953807,-0.896782179043529
1,-0.535281845335837,-1.49904840125256
1,-0.523370722580262,-0.145480810974596
0,0.331112115990781,0.436220014875162
1,-1.43210749504274,-1.30548132879369
0,0.292117742020012,1.52157845405547
0,-1.43154576884855,0.0347109712008252
1,0.596689425357383,-0.521422096778712
0,0.245621082623281,-0.727919992588095
0,-0.588371450422245,1.4711840082804
0,-0.707669764405091,-0.52286894115773
1,-0.0925434887747671,-0.000285422191266679
0,-0.121785959126516,-1.23032399666642
0,-0.0718739526026506,0.180529130446321
0,0.981599713443271,-2.20982874281388
1,0.297032976307552,-0.995233028580128
1,0.683926335885122,-1.64473300005421
0,0.592995576139214,0.311819332950976
0,-0.559994561138767,-1.45983436323141
1,-0.286825470367998,0.378494963932622
0,-0.391924913433217,-2.61928236702439
0,-0.455988987557293,0.146294244782862
1,0.585945066074135,-0.386846674153587
1,-0.0759184852575703,1.50563809789371
1,0.385636272288096,1.10403483999941
1,0.179163369676958,-1.00519223724754
0,0.770616096229762,-0.130098280644872
1,-0.678622605446941,-1.39416152296916
1,-0.0572936316072702,-0.517225025764376
1,0.241651307246435,0.933737103057046
0,-0.582243088477531,2.15389956450466
1,-0.245489015509261,0.6688045473865
1,0.0241069120194177,-0.496591419674394
0,0.872998108402115,0.00204840309260197
0,0.3851792895883,-0.545278349779775
1,-0.657128599319032,-0.390714391753519
0,1.44346508089771,-0.4808313892194
0,-0.345259810976786,0.468776501295724
1,0.228694073603028,-0.636620557466385
0,-1.17205507238043,0.541572348598381
0,0.0609758567057612,-0.0416509866392907
1,-0.00297875191597037,-1.24312335189508
0,-0.735848485627206,0.629360062203285
1,-0.0950616459137445,-0.205831079279309
1,-0.707424515118994,0.301690079412783
1,1.53015443384982,-0.745519734677323
1,1.38612777646981,-0.558860385239884
1,-0.1831094968315,-0.792425706669333
1,0.0483496505189976,-0.530079657828947
0,-0.655073887827621,-0.856681559973753
0,1.4752896660299,-0.0138524008945597
1,-0.614189013630251,-0.103209642009968
0,-0.73013577754792,-0.113447299710841
1,-0.198093281714819,1.17346209140777
1,-0.570218277491584,0.27390347120845
0,-0.906865938189894,0.602349427299489
0,-0.943316489193225,-1.64697635040235
0,-1.03470149547986,-1.15681496713239
1,0.823605590632563,0.113138618314963
1,-0.57916020332869,1.62573665507308
0,0.306735449855783,-0.367662902203409
1,-0.736419570974161,0.227276720831474
0,-0.116723682324625,0.271300926985605
1,-0.806729237332546,1.18155724740352
1,-0.40214305196354,-1.60499407080806
1,-0.506677870633605,-0.243536777331063
1,0.441800159380108,2.43117865109574
0,0.587467259375732,0.300181365562167
0,0.95337787521828,-0.35685601043678
0,0.31628793401514,-1.78036047053158
0,0.0704368534594069,0.331309252895823
0,0.493758444972296,-0.646993774807174
1,0.178851207125187,1.03914172962629
1,1.22414441026424,0.25870751780496
1,-0.712002481827436,0.984039662348569
1,0.738799241972119,-0.305497184872554
0,-1.43460403837564,1.73389802884262
0,-0.208707029318417,-0.343371880518675
1,-0.147438064655089,1.07681762763453
0,-0.271540332958205,-0.368936093389886
0,-0.755082259650577,0.581504016498852
0,-0.342034348291567,-0.015171245996121
0,0.180510088870302,-0.381660993454469
1,0.223061610451161,-0.456751143417138
0,-0.623356367928981,0.589679036653766
1,-0.767036030808172,-0.611158612927459
0,0.107711871631125,0.989778405809841
1,1.3253729829603,1.17871212101351
1,1.1204202527968,-0.0550694810598138
1,0.359647099323682,-0.123411350177812
0,0.98232685254404,0.742943850473398
0,-0.93099014872886,-0.264592718071706
1,-0.28481265880387,-0.480754348706943
1,-0.0657966668725536,-0.268274937094488
1,-0.701498273226727,-0.772058709265228
0,0.492536779911269,-0.0222771573717978
0,0.335127729316801,1.24546882720426
1,-0.226427510025675,0.293318938473178
1,-0.188448395734212,-0.996614735888959
1,0.0341202331419458,-0.83586734654632
1,0.331718521787557,1.29523699489132
1,0.552919437234081,-1.00649273904207
0,0.0421709568561319,-1.57070890898392
0,0.988366569541775,0.172411757678134
0,-0.0634869665801384,-0.26412525431185
1,-0.263953536081045,-1.06298887556761
1,-0.819340476769232,0.559573050962592
1,0.00427080643303638,2.02598921548102
0,0.644003137685596,-0.396181267000395
0,0.0137901143583195,-0.102603912061002
0,1.14876204412382,1.37051704289353
0,-1.10457454148046,-0.358216691199908
0,0.27560890795507,-1.995343396032
1,0.114986628557631,0.694369447119445
1,1.2857557766874,0.587121075690551
0,0.211130533557073,-1.10376558598064
0,-0.0299345928938057,-0.201081027254156
0,-0.619307582682253,-0.620281154053698
0,0.059820461622705,2.06039113881689
1,-0.615256960359116,1.24994949967283
1,0.324782481075384,0.375717685032307
1,-0.514212519312928,-0.984124660400828
1,-0.533369131047143,-0.977858767358058
0,0.142183905323752,2.04226642389483
0,0.862343763126863,-1.05425635941983
1,-0.148350370499596,-1.20446321285339
0,-0.491265656817778,-0.0491819017565193
0,0.37517113085033,-1.14371914661593
0,-0.297798256694736,0.369585075706495
1,-0.242821717806764,0.157187870235591
0,-0.0347904942388514,0.772732002890135
0,0.645097270573113,-0.969439534452225
0,0.0171850873890248,0.137189530426004
0,0.363162930073107,-0.562736990218829
0,-0.708889151215515,0.337060268340574
0,-0.580080209270976,1.21283205474906
0,-0.697213242862177,-0.965335466236138
1,0.174130192445849,-1.44058318659073
0,0.375018841088235,-0.754723092842153
0,0.0523870458701303,-0.890917648023117
0,1.68638791884194,1.33337539716938
0,0.958025425754331,0.396674027234238
1,-0.334399408986586,0.279914942626944
0,1.4492724776583,-0.513757180316819
0,-1.93129060160216,-0.395894179778171
0,-0.207394854334997,0.694376419319677
0,-0.581618124689683,-0.577522879753748
0,-0.443310285379761,-0.515719554822736
0,-0.586164553645846,-0.014532378640099
1,0.753976973171153,-0.486703856850957
0,0.114050269310356,0.0725339938947883
1,0.510805319962542,0.90883054941497
0,0.495534662069822,0.58518403138272
1,0.648380145940525,0.377344835141736
1,-0.0664770155785175,2.45578407157649
0,-0.472216901441574,-1.14488222903655
1,1.23912547537481,-1.07301121629742
0,0.00541802314802854,-1.00676545774605
0,-0.303188104713502,-0.832738202800082
0,-0.452369185835895,-1.46519964037704
0,-0.462026617592755,0.128965436089462
1,0.854192408578365,1.19489853141788
0,0.186657916468889,0.687180556522704
0,-0.253221761653182,-0.0915864714619055
1,-0.154370158458486,-0.134376410671359
1,0.06797389284652,0.843469186485434
1,-0.197278141086901,1.90600403745262
0,-0.7424423646809,-0.74722546519275
0,-1.50712940740855,0.699037863177794
1,-0.0510551090051701,0.91624656828946
1,0.0175315197552918,0.242522124640141
0,0.349971625838163,0.0816244801358278
1,0.879409769550713,2.25226119237668
0,0.317145861391968,-1.10780236644558
0,-1.21737540797218,0.340441526887624
1,-0.991918741173419,-0.668462629741876
1,0.464588800982008,0.279649265129944
0,-0.326272789696875,0.0512717611198529
0,-0.14255566913819,0.175584535580658
1,-0.196266363294572,-1.42510442916696
0,0.612805637786297,-1.56467390169534
1,-1.1148729768098,-1.05439457827771
0,0.51142460397363,1.22144508351542
0,-0.704211266588623,-2.1748068068602
0,-0.0437259092846844,0.432328344420545
0,-0.602319207115667,-0.212336564625299
0,0.763995898318314,0.0304599506504883
1,-0.350150261675397,2.02171094047098
1,1.1741872960678,-0.0651423972568206
0,-0.0619855802203344,0.00824864545993669
0,0.0351862044722085,1.05820139936427
0,-0.104352023679595,0.54897842764053
0,0.0538373088597614,0.862423213630381
1,-0.0587732783315099,0.181146507310155
1,-0.539552217367494,1.16993651081762
0,-1.03858860731927,0.133255014409026
0,0.207863964217951,-1.6813455436444
0,-0.261042255959545,-0.761876573751606
1,-0.0488871973740724,1.06052896901595
1,0.783325130024173,0.336041044244252
1,-0.403798425004851,2.32031458867826
0,0.410033486312306,0.487788851983224
1,0.323303199453512,0.462610219238901
0,0.669901478115172,0.0141671748226112
1,0.250853004530088,0.0471991614011359
1,0.662366010831385,0.0463234351783851
1,-1.03679757355228,1.51745677572597
1,0.249133728441824,0.460868327685292
1,-0.0187109114617783,-0.91826184868113
1,-0.651864326683256,1.06218209757906
1,-0.514097734284074,-2.16955017352442
1,-0.783059639464837,1.5610741322712
1,-0.672465741509496,0.256781260275932
0,-0.0381004292113212,0.290199602728838
0,0.381189188096085,0.984870596788571
0,0.0868178412937493,0.905926746246165
1,-0.193833531580546,-0.620988400790875
1,-0.406237171380806,1.20871204994619
1,0.130263209630954,1.2359757788517
0,0.909746614799027,0.770783476594895
1,0.311515984505822,-0.733360356214409
1,1.00582879204632,0.592202730805362
0,0.17175841778301,2.49440903523679
1,0.95116423205739,-0.0967468793161918
0,1.07097238346005,-0.741175221149905
1,1.47945926067143,0.547010128551748
1,-1.26473520681858,-0.125428410269214
1,-0.261984038306956,-0.563263912594818
1,0.796880273768285,-0.0580698334224153
1,0.160237767509519,-0.961685368702299
1,0.14497902392176,-0.564692328002107
1,-0.39594839316804,0.611721662599645
1,0.360048280588222,0.382561300084868
1,-0.22142048854976,-0.262340047510472
1,-0.7724905516434,-0.124915107153268
1,-0.202160084086756,0.340309011020049
1,0.906661295397216,-0.565113967988581
0,0.453110654806321,-0.509813257349924
1,0.578123756002,-0.0787412529346067
1,-0.221210659070176,0.435998338502637
0,-0.163611530767842,-1.42581197664894
1,0.356150427232265,-1.29337079704463
1,-0.1049094456889,0.648813086163007
0,0.225640254084765,2.18731421986927
0,0.206529854114372,-0.539590748912298
0,-0.0488454260793176,0.00827551178552298
1,0.0599942725003383,1.97405494183151
1,-0.813153661310377,0.57151348203555
0,-1.35963882462134,0.168860445306909
1,1.20139310078574,0.505918651645754
1,-0.963094659603652,-1.52287767029736
0,0.516123841635774,-1.63566115297592
0,1.64932008094648,0.480757158433423
0,0.440170054270016,-1.80895368674145
1,-0.361191413277896,0.298052521210549
0,0.609340445983885,0.318951455311016
0,0.694730541607315,1.07114391709393
1,-1.37047831525612,-0.942314740773016
0,-0.410717809116583,-0.56593795072673
0,0.487344823546569,-1.21922050389771
1,-0.929515282096178,-0.138050489802526
1,0.636260305692654,1.62481687640396
1,0.38351534082483,-0.0249756966487475
0,-0.201024467939718,-0.953325757800028
0,-0.758004764814708,-0.173838990986063
1,-0.300082665961856,1.51366758393836
0,0.990696638394106,2.35562288916585
0,0.0938406389627024,-0.407946830484097
0,-0.968051720051678,-0.695450723707045
1,-0.746381457307461,0.935223881248339
0,0.478488377921729,1.06756361104201
0,-0.143920987385742,-0.330441897203424
0,0.0660297868849936,-0.0250752472884534
0,-0.218558352311494,1.07997319178794
0,-0.286569257811197,-0.0204578998429711
0,0.233322235959501,-0.349694207156999
1,-1.84667801878966,0.0630286377363358
1,1.00850716210584,0.159990510227525
0,0.779656613659177,0.569235842305172
1,0.325782973699591,-1.26709767896651
0,-0.674243877436961,-0.802139066837367
1,-0.165107729812467,0.259274852486285
0,-1.03329568357217,0.447353276478003
1,-0.0340792615841493,0.13980258545078
0,-0.174864337603411,-0.907266101760279
0,-1.40063639464837,0.751109608066618
0,0.600420147535897,1.05026184924368
1,0.81845550972808,0.327525806196112
1,1.3959903532574,0.621185911863348
1,-0.416993951922819,-0.781420014649766
0,-0.966318245644837,0.238783617630374
0,0.687587818712674,-1.52529031411616
1,-0.570219315386582,1.08816216695302
1,0.21723424322065,-0.843824651972554
0,0.715884856675151,0.76042005843785
1,-0.0836357392796538,0.182458336707424
0,-0.208515613761788,0.748915212646494
1,1.27816626892376,-0.671627307766256
1,-0.248445850125241,0.127060368045652
0,0.297556493186571,0.773137019089551
1,-0.586232835715324,0.996143363580371
0,-0.582003223593682,-0.892313207834197
0,-1.08664352483067,0.48576059132804
0,0.448992045206121,-0.169508599585601
1,-0.561679319113352,-1.00606217839396
0,0.367635390506705,-0.683183480371184
1,-0.0528888377154008,1.93740628879294
1,0.111176920620737,-0.278065002110623
0,0.293224619007313,0.355847777115155
0,-0.301931948261523,0.246709268148879
0,0.514360300414178,-0.433224758186174
1,-0.104048013276557,0.752414910913059
0,-0.625022777386043,-0.184721726668873
1,0.343989399438142,0.765714854971879
0,0.339499548341552,0.369932240126603
1,0.226792176012565,1.23175680956359
0,0.656685977573352,-0.255451095279023
1,-0.109166860751194,-0.811211108090451
1,-0.253924443423356,-1.59193049966387
1,-0.298788885856798,-2.66548612968547
0,-0.283982135217031,-1.18091893989089
0,-0.454901023401386,0.623869686399372
1,-0.503203408467783,-0.803624437303016
1,-0.802023389303137,-0.567700083417392
0,1.55360610628607,-1.39672931470513
0,-0.79894801750625,-1.44629081440059
0,-0.119561529692591,-1.42616845889629
0,-0.386617497112978,0.751091432146531
1,0.0893234425755962,1.02919503262907
1,-1.23867433263592,-0.571987832774741
1,0.875618985124939,1.01363826927453
1,-0.681361324459902,0.598073645550804
1,0.562649090982081,-0.992259303270108
0,0.282235503439544,2.88990331043969
1,0.746188532662608,0.283040197254749
1,0.543639168949929,1.12612950844921
0,1.14890185152708,1.74471554993879
0,0.00367404415744015,-0.929395415112883
0,-0.075577636175994,0.221539615427441
0,-0.411750836874098,1.12592633350977
1,0.508193681454128,0.680623766939566
0,0.0732910591482909,-0.294812362445565
0,1.08924311453528,-0.200635814968821
0,-0.317856630279998,-0.0951192195517774
1,-0.269331587309825,-0.425220494726761
1,-1.17904132543121,-0.18074336432888
0,-1.28008553425486,-0.232114355807203
0,0.217840914254779,-0.312653744928938
1,-0.570756277299787,0.970601334863974
1,-0.492844490972538,-0.868633215598262
1,-0.58006385421888,-0.404125166523315
1,1.15999428915451,2.41570554653698
0,0.909716246394297,-1.07104141100309
1,0.953830334348848,-0.220759361620839
0,-0.286483253934979,-1.22643429480974
0,0.0181474410045768,-0.0535388593771003
1,0.0441792264826056,-1.34236444326915
1,0.626122453124064,0.780929926695745
0,-1.27502109074997,0.150734062835365
1,-0.290353621803891,0.654040523982106
1,0.315300357848104,2.54405100107771
0,0.18913987060462,-0.107129644399525
1,-1.78331549081683,1.28259427921365
0,-0.0841879615472204,-0.543893057728047
1,-1.44624883202128,-0.0870879066163898
1,-0.728611944025705,-0.182675277034683
1,-1.00529432910959,0.35839971946283
1,-0.25325762017953,1.15029565714613
1,0.470660154080514,1.20130011159647
0,-1.00038013565777,0.54124075967523
0,-0.0678675856635174,1.02629730708509
1,0.84079974552031,-0.609354081434224
1,1.15599307369062,-1.32552086924376
0,-0.378436364766537,-0.970734256924299
1,0.640245799657973,-0.595837754746275
1,1.95308808219649,0.831246467649767
1,0.842345370403246,-1.2550756656484
1,0.476475695399,-1.67919104004634
0,-0.651103950193735,0.636950383003123
1,-1.18798277784384,-0.62362947430475
1,0.230139326595806,1.70728148462648
1,-1.10468050200144,-0.396578871108046
1,-0.171582775653545,0.355261653677791
1,-1.06164295773076,1.16867969584215
1,0.545791124770916,-0.068996074188933
1,0.520423180971838,0.890551223850645
0,-0.115885426321565,0.235937045166592
1,0.142674479970479,1.89763004064994
0,-0.301824852936248,-1.51821899447954
1,0.661249247201737,-1.0564379689811
0,1.30052853767985,1.90245425518433
0,-0.29440107110912,-0.36693496116318
0,-0.49460689373994,0.0757069703492858
1,0.813603254160442,-2.00222867340011
0,-0.0339760471592631,-0.644449031317262
0,-0.356653703872913,0.842474811485865
0,0.491613272589233,-0.72493820909156
0,-0.25310619369333,1.09229830615348
1,0.743232305945378,-0.525287623449883
0,0.0729539260948049,-0.818402816035158
1,0.454593906749575,-1.72336691348674
0,0.0646786334428825,1.96477080923566
1,0.277178756247109,0.44258471934091
0,0.0947906324030331,-0.0182943263654841
1,0.370613979159574,-1.14561221338454
1,0.622880063147586,1.17217829499204
0,-0.343029767737519,0.401129102808512
0,-0.0735424772007347,0.145999452964385
1,-0.618326983642616,2.27449011467939
0,0.806837278638823,-0.384083780757626
0,-0.616497842821455,1.47312494209337
0,-1.34947835533,-0.695034880850793
1,-0.416727693670865,1.4474368898539
1,-0.851609550044572,-0.112010083072327
0,0.809490597003707,-0.574424357197115
1,-0.36725770493052,0.577298427148505
1,0.433157936588698,-2.53272516674369
1,-0.664820016384018,-1.84421401936096
0,0.770783418150245,1.23393191385003
0,-0.843516860590868,-0.444067295853356
1,0.899460503118634,0.484608652334426
1,0.430080227688274,1.00410026942404
1,1.21042261658185,1.83859201267668
1,-0.510733786957412,1.46215708557831
0,-0.0316469090000549,-0.484749832668728
0,0.531352404533407,-0.463653812848531
1,0.640506378005894,-0.964354368341994
0,-0.571741848956687,0.261608281412318
0,0.498719457954517,-0.629840613531821
1,-0.280358427392945,-0.218852920475439
0,0.254541497466474,-1.23643542545926
1,-1.32892167067932,0.734545069055633
0,-0.401486938139363,-0.964955875663753
1,-0.0533266590904766,-0.0944996711583139
0,-0.81928022912905,-0.256015380753832
1,-0.184319716860578,0.427499694353378
1,0.277798289440299,0.143958660513128
0,2.02082151086234,1.35184921531115
0,-0.0547574284197321,-1.27198695670775
1,0.720691126484684,0.635094812685458
1,1.11496378552115,0.69963476075814
1,-0.975840830102276,-0.618724717926863
0,0.499684482196197,-1.16228364286373
0,0.353987716075222,-0.162168162946502
0,-0.592420947919758,0.536296294869737
0,0.101636802698245,0.418573361305411
1,0.141348969382326,0.797415720503727
0,0.254831162395418,-1.94164675177258
1,0.341962011762163,-0.325508066945904
0,-0.632945579011997,1.33990048909337
0,-0.0248649025602467,-1.13040733607093
0,-0.809543666972029,-0.656960317971578
0,-0.863315235250202,0.584169263972693
0,0.140263096645229,-2.01428517852284
0,0.849157893240061,1.37057732413638
1,-0.577641349785137,0.391093123503348
1,0.0083321655260812,0.812945205505492
1,-0.000718127269867453,-0.729292802915114
1,0.80238142161137,-1.69235764725417
0,-0.544116935287921,-0.318836073185103
0,-0.250851198421315,0.732399143020894
0,0.0494120778094448,-0.510681442543938
1,0.722160251257152,0.555647584516148
1,-0.0841201586856972,1.51354313243336
1,-0.491917951863157,0.300875954913543
0,0.834252003649774,0.886123722024223
1,-0.970657242984259,1.88735291274227
1,-0.531650060687539,1.58326688719998
1,0.842204534457784,0.644604967036707
1,-0.16133145885573,0.571303703236805
1,0.817254614299527,1.43521560573742
1,0.496157478285434,1.26798191754836
0,1.15595448590277,-0.779284843957903
1,0.49632070367909,-0.546270252800428
1,-0.228938486568598,0.117832113685277
0,0.512729658353606,-0.678807587064857
0,-1.4988063947398,-0.54193976602403
0,-0.512841320759128,-1.30016526911726
1,1.12663478501163,-0.956906802289355
1,-0.649538654393153,-0.0747888399937283
0,0.439977116915249,-0.0505630586155514
0,0.28567783661592,-0.00534696104149958
0,0.373690560997436,0.00439829745887367
0,-0.989115836435268,-0.947838180972433
1,-1.19997117783172,-0.807967865507851
0,-0.134067978970467,-0.759553368650003
1,-1.42873315179017,2.11094871318523
1,0.501242190191854,0.669566087033843
1,0.391489580705399,0.393977416398664
1,-1.00111175916772,-0.437036599281674
1,0.335478462033459,0.4642972254403
0,-0.531887851407045,-0.30516853569173
1,-0.386777068855073,0.899227672153751
0,-0.590287466081727,-0.172093025852834
1,0.325335426904493,-0.607450470943391
1,0.0159398559214323,1.50634586418722
0,-0.650172689796957,0.083183811516003
0,-0.64588202178336,0.355276256998268
1,0.434883563511626,2.1386653780653
0,-0.324753512301306,-1.2479925418073
1,0.216460971283148,-0.296528019439689
1,0.149568209943516,-0.256734365472828
1,-0.112593434676794,-1.17878646117423
0,-1.03439812639107,-0.649749146696804
0,0.160865485117455,-0.445136834616015
0,0.629471998833652,-1.03923327504146
0,-0.506927031424351,-0.118668582164036
1,0.696678018276138,0.628561679727514
1,0.000483002352353255,0.830083580661642
1,0.281067666970976,-1.03717985334897
0,-0.462703084553226,0.698028675318129
0,-1.26325116641297,0.548800569331287
0,0.756999234134395,1.04770383090008
1,0.410785278776221,-0.653014305279363
0,-1.15186961745394,-0.524572702254855
0,0.0247899400665246,2.58094931946697
0,-0.107468739338513,-0.700469686363776
1,-0.721057247845478,1.72513632438306
0,0.412119704351252,-1.35736010756045
1,0.461084908219235,-0.21106348694342
0,0.278442862102727,-1.05606161624139
1,1.07145990617264,-0.519206933764313
0,0.0377506351954767,0.830242389502115
1,-1.05374246648777,0.146854561371882
1,1.11461492242041,0.182483230824698
0,-0.159361227170977,-0.512605154891991
0,-0.618209369155416,-0.217243165468252
0,0.149877165689971,-0.185523401634963
0,-0.641217737431907,0.392617268401425
1,-0.231155092312232,2.09031306081598
0,0.00264445902836529,-1.83157055871981
0,-0.994348693708337,-0.0988201866146829
0,-0.578152075315014,-1.3430998936775
1,-0.178499483825847,-0.637907798867678
0,0.572456837786537,-0.597460563539564
0,0.182568722365401,-0.969907247697343
0,-0.936125264847506,0.369906993425102
0,1.16909523055465,2.01412602329745
1,0.0928651254715868,-1.3120744201399
1,0.593904992660518,-1.88031440237661
1,0.525845598104184,1.25117095983684
1,0.806917762179841,-1.97778455291211
1,-0.45042282900161,-0.0981252543417359
0,0.118748325170162,0.0275276344770838
1,0.826933632363177,-0.991515695914875
0,-0.308382775872473,-0.547648453289161
1,0.980157266061847,1.04415350062109
1,-0.182823926645106,-0.393957733677999
1,0.0105514072395865,0.481662958766752
0,-0.466120551091793,-1.84214879862259
1,-0.60659639632266,-1.29843339486533
1,0.276442003690854,0.0769240356138934
1,-0.793923826883607,-1.02259003291437
0,0.977737898461268,-0.18118736935561
1,0.459497531121894,-0.665667258905877
0,-1.22750413768649,-1.79273263972549
1,0.152286459157865,1.04164581856498
1,0.413230281354532,0.331332098034881
1,-1.09163217023445,1.12071523614631
1,-0.310000835344192,-0.0370384792200429
0,0.392945277385687,0.366222694358799
0,0.876674300601105,-0.856945876352657
0,-0.299513944554071,-1.89734184449511
1,0.00949152570992776,-0.537461108433127
1,0.784354063832507,0.565880919854025
1,-0.419996182310651,0.507652700617117
0,0.26484207403846,-0.614932617077128
1,-0.0926782087950684,-0.490636116477094
0,0.868670880638872,1.64714405941342
1,-0.0864036021246504,-0.100771687874472
1,-0.0441870688362784,0.429678195247088
0,0.510575526801313,-1.03513332798176
1,-1.25201475103971,-0.103516906633948
1,0.401288317824267,-0.478502829661068
1,0.590460382512184,1.09508535834248
1,0.106453659792403,-0.702469570766061
1,0.13798314188321,0.408483451163876
0,0.249497661206103,-0.0828023395078472
0,0.222117992517816,1.59440405530466
0,-0.901800484624932,-1.45877909066534
1,0.138433350434114,-0.554641356281261
